{"cameraMode":{"drawMode":0,"name":"Shaded","section":"Shading Mode"},"sceneLighting":true,"audioPlay":false,"sceneViewState":{"showFog":false,"showMaterialUpdate":false,"showSkybox":false,"showFlares":false,"showImageEffects":false,"showParticleSystems":false},"in2DMode":false,"pivot":{"x":205.07687377929688,"y":89.92596435546875,"z":256.2314147949219},"rotation":{"x":-0.1942211240530014,"y":0.20200836658477784,"z":-0.04090920090675354,"w":-0.9590606093406677},"size":461.9928283691406,"orthographic":false}