{"cameraMode":{"drawMode":0,"name":"Shaded","section":"Shading Mode"},"sceneLighting":true,"audioPlay":false,"sceneViewState":{"showFog":false,"showMaterialUpdate":false,"showSkybox":false,"showFlares":false,"showImageEffects":false,"showParticleSystems":false},"in2DMode":false,"pivot":{"x":-89.3973617553711,"y":-47.94561767578125,"z":22.908613204956056},"rotation":{"x":-0.20334658026695252,"y":0.5488614439964294,"z":-0.1397438794374466,"w":-0.7986693978309631},"size":65.45509338378906,"orthographic":false}