{"cameraMode":{"drawMode":0,"name":"Shaded","section":"Shading Mode"},"sceneLighting":true,"audioPlay":false,"sceneViewState":{"showFog":false,"showMaterialUpdate":false,"showSkybox":false,"showFlares":false,"showImageEffects":false,"showParticleSystems":false},"in2DMode":false,"pivot":{"x":-89.62310028076172,"y":-45.67188262939453,"z":25.775863647460939},"rotation":{"x":-0.20334658026695252,"y":0.5488614439964294,"z":-0.1397438794374466,"w":-0.7986693978309631},"size":64.71710205078125,"orthographic":false}